,trn_rmse,val_rmse
0,6.797698020935059,8.672391891479492
1,6.514768600463867,8.809523582458496
2,6.778013706207275,10.009417533874512
3,7.07112979888916,8.682847023010254
4,6.573492050170898,9.075641632080078
mean,6.747020435333252,9.049964332580567
std,0.219447428399016,0.5604367918791602
